Workbook
Name Draft_Grid: OFFSET('Auction Draft'!$B$3,0,0,'Pool Settings'!$C$6,'Pool Settings'!$C$7)
Name Participants_List: OFFSET('Pool Settings'!$B$17,0,0,'Pool Settings'!$C$6,1)
Name Participants_Number: OFFSET('Pool Settings'!$A$17,0,0,'Pool Settings'!$C$6,1)

Sheet Masters Field & Odds
A2: ⛳ 2026 MASTERS TOURNAMENT – FULL FIELD & OPENING ODDS
A3: Source: Easy Office Pools | Sorted: Best Odds → Longest Odds | As of April 7, 2026
F4: Masters Past Performance | K4: 2026 PGA Tour Recent Performance
A5: Golfer | B5: Tier | C5: Rank | D5: Odds | E5: Starting Bid | F5: 2025 | G5: 2024 | H5: 2023 | I5: 2022 | J5: 2021 | K5: Valero | L5: Houston | M5: Valspar | N5: Players | O5: Puerto Rico | P5: Arnold Palmer | Q5: Cognizant | R5: Genesis | S5: Pebble | T5: WM | U5: Farmers | V5: AmEx
A6: Scottie Scheffler | B6: 1 | C6: 1 | D6: 4/1 | E6: {=_xludf.IFS(B6=1,20,B6=2,10,B6=3,7.5,B6>=4,5)} -> #NAME? | F6: 4 | G6: 1 | H6: T10 | I6: 1 | J6: T18 | N6: T22 | P6: T24 | R6: T12 | S6: T4 | T6: T3 | V6: 1
A7: Jon Rahm | B7: 1 | C7: 30 | D7: 9/1 | E7: {=_xludf.IFS(B7=1,20,B7=2,15,B7=3,10,B7>=4,5)} -> #NAME? | F7: T14 | G7: T45 | H7: 1 | I7: T27 | J7: T5
A8: Rory McIlroy | B8: 1 | C8: 2 | D8: 10/1 | E8: {=_xludf.IFS(B8=1,20,B8=2,15,B8=3,10,B8>=4,5)} -> #NAME? | F8: 1 | G8: T22 | H8: CUT | I8: 2 | J8: CUT | N8: T46 | P8: WD | R8: T2 | S8: T14
A9: Bryson DeChambeau | B9: 1 | C9: 24 | D9: 11/1 | E9: {=_xludf.IFS(B9=1,20,B9=2,15,B9=3,10,B9>=4,5)} -> #NAME? | F9: T5 | G9: T6 | H9: CUT | I9: CUT | J9: T46
A10: Ludvig Aberg | B10: 2 | C10: 17 | D10: 18/1 | E10: {=_xludf.IFS(B10=1,20,B10=2,15,B10=3,10,B10>=4,5)} -> #NAME? | F10: 7 | G10: 2 | K10: T5 | N10: T5 | P10: T3 | R10: T20 | S10: T37 | U10: CUT | V10: WD
A11: Xander Schauffele | B11: 2 | C11: 10 | D11: 19/1 | E11: {=_xludf.IFS(B11=1,20,B11=2,15,B11=3,10,B11>=4,5)} -> #NAME? | F11: T8 | G11: 8 | H11: T10 | I11: CUT | J11: T3 | M11: T4 | N11: 3 | P11: T24 | R11: T7 | S11: T19 | T11: T41 | U11: CUT
A12: Cameron Young | B12: 2 | C12: 3 | D12: 24/1 | E12: {=_xludf.IFS(B12=1,20,B12=2,15,B12=3,10,B12>=4,5)} -> #NAME? | F12: CUT | G12: T9 | H12: T7 | I12: CUT | N12: 1 | P12: T3 | R12: T7 | S12: T55 | T12: T41 | U12: T22
A13: Tommy Fleetwood | B13: 2 | C13: 4 | D13: 25/1 | E13: {=_xludf.IFS(B13=1,20,B13=2,15,B13=3,10,B13>=4,5)} -> #NAME? | F13: T21 | G13: T3 | H13: 33 | I13: T14 | J13: T46 | K13: T10 | N13: T8 | P13: 49 | R13: T7 | S13: T4
A14: Matt Fitzpatrick | B14: 2 | C14: 6 | D14: 26/1 | E14: {=_xludf.IFS(B14=1,20,B14=2,15,B14=3,10,B14>=4,5)} -> #NAME? | F14: T40 | G14: T22 | H14: T10 | I14: T14 | J14: T34 | M14: 1 | N14: 2 | P14: T41 | R14: T24 | S14: T14 | T14: 9 | V14: T63
A15: Collin Morikawa | B15: 2 | C15: 7 | D15: 31/1 | E15: {=_xludf.IFS(B15=1,20,B15=2,15,B15=3,10,B15>=4,5)} -> #NAME? | F15: T14 | G15: T3 | H15: T10 | I15: 5 | J15: T18 | N15: WD | P15: 5 | R15: T7 | S15: 1 | T15: T54
A16: Justin Rose | B16: 2 | C16: 9 | D16: 36/1 | E16: {=_xludf.IFS(B16=1,20,B16=2,15,B16=3,10,B16>=4,5)} -> #NAME? | F16: 2 | G16: CUT | H16: T16 | I16: CUT | J16: 7 | N16: T13 | P16: CUT | R16: CUT | S16: T37 | U16: 1 | V16: CUT
A17: Jordan Spieth | B17: 2 | C17: 61 | D17: 38/1 | E17: {=_xludf.IFS(B17=1,20,B17=2,15,B17=3,10,B17>=4,5)} -> #NAME? | F17: T14 | G17: CUT | H17: T4 | I17: CUT | J17: T3 | K17: T63 | M17: T11 | N17: T32 | P17: T11 | R17: T12 | S17: T29 | T17: CUT
A18: Brooks Koepka | B18: 2 | C18: 169 | D18: 38/1 | E18: {=_xludf.IFS(B18=1,20,B18=2,15,B18=3,10,B18>=4,5)} -> #NAME? | F18: CUT | G18: T45 | H18: T2 | I18: CUT | J18: CUT | L18: CUT | M18: T18 | N18: T13 | Q18: T9 | T18: CUT | U18: T56
A19: Hideki Matsuyama | B19: 2 | C19: 14 | D19: 39/1 | E19: {=_xludf.IFS(B19=1,20,B19=2,15,B19=3,10,B19>=4,5)} -> #NAME? | F19: T21 | G19: T38 | H19: T16 | I19: T14 | J19: 1 | K19: T21 | N19: T27 | P19: T41 | R19: T28 | S19: T8 | T19: 2 | U19: T11
A20: Robert MacIntyre | B20: 3 | C20: 8 | D20: 40/1 | E20: {=_xludf.IFS(B20=1,20,B20=2,15,B20=3,10,B20>=4,5)} -> #NAME? | K20: T2 | N20: 4 | P20: T24 | R20: T20 | S20: T37 | V20: T38
A21: Russell Henley | B21: 3 | C21: 12 | D21: 42/1 | E21: {=_xludf.IFS(B21=1,20,B21=2,15,B21=3,10,B21>=4,5)} -> #NAME? | F21: CUT | G21: T38 | H21: T4 | I21: T30 | K21: CUT | N21: T13 | P21: T6 | R21: CUT | S21: T19 | V21: T8
A22: Chris Gotterup | B22: 3 | C22: 11 | D22: 43/1 | E22: {=_xludf.IFS(B22=1,20,B22=2,15,B22=3,10,B22>=4,5)} -> #NAME? | L22: T6 | N22: T56 | P22: T18 | R22: CUT | S22: T37 | T22: 1 | U22: T18
A23: Patrick Reed | B23: 3 | C23: 23 | D23: 45/1 | E23: {=_xludf.IFS(B23=1,20,B23=2,15,B23=3,10,B23>=4,5)} -> #NAME? | F23: 3 | G23: T12 | H23: T4 | I23: T35 | J23: T8
A24: Viktor Hovland | B24: 3 | C24: 22 | D24: 46/1 | E24: {=_xludf.IFS(B24=1,20,B24=2,15,B24=3,10,B24>=4,5)} -> #NAME? | F24: T21 | G24: CUT | H24: T7 | I24: T27 | J24: T21 | M24: CUT | N24: T13 | P24: T13 | R24: T41 | S24: T58 | T24: T10
A25: Si Woo Kim | B25: 3 | C25: 28 | D25: 47/1 | E25: {=_xludf.IFS(B25=1,20,B25=2,15,B25=3,10,B25>=4,5)} -> #NAME? | G25: T30 | H25: T29 | I25: T39 | J25: T12 | K25: T10 | N25: T50 | P25: T13 | R25: T34 | S25: T45 | T25: T3 | U25: T2 | V25: T6
A26: Min Woo Lee | B26: 3 | C26: 25 | D26: 54/1 | E26: {=_xludf.IFS(B26=1,20,B26=2,15,B26=3,10,B26>=4,5)} -> #NAME? | F26: 49 | G26: T22 | H26: CUT | I26: T14 | L26: T3 | N26: T32 | P26: T6 | R26: T12 | S26: T2 | T26: T28 | V26: T38
A27: Justin Thomas | B27: 3 | C27: 15 | D27: 55/1 | E27: {=_xludf.IFS(B27=1,20,B27=2,15,B27=3,10,B27>=4,5)} -> #NAME? | F27: T36 | G27: CUT | H27: CUT | I27: T8 | J27: T21 | M27: T30 | N27: T8 | P27: CUT
A28: Patrick Cantlay | B28: 3 | C28: 35 | D28: 57/1 | E28: {=_xludf.IFS(B28=1,20,B28=2,15,B28=3,10,B28>=4,5)} -> #NAME? | F28: T36 | G28: T22 | H28: T14 | I28: T39 | J28: CUT | M28: T7 | N28: T32 | P28: CUT | R28: T37 | S28: T14 | U28: CUT | V28: T13
A29: Adam Scott | B29: 3 | C29: 53 | D29: 62/1 | E29: {=_xludf.IFS(B29=1,20,B29=2,15,B29=3,10,B29>=4,5)} -> #NAME? | F29: CUT | G29: T22 | H29: T39 | I29: T48 | J29: 54 | L29: T21 | N29: T56 | P29: T11 | R29: 4 | U29: T30 | V29: T24
A30: Akshay Bhatia | B30: 3 | C30: 21 | D30: 66/1 | E30: {=_xludf.IFS(B30=1,20,B30=2,15,B30=3,10,B30>=4,5)} -> #NAME? | F30: T42 | G30: T35 | N30: T13 | P30: 1 | R30: T16 | S30: T6 | T30: T3 | U30: CUT | V30: CUT
A31: Sepp Straka | B31: 3 | C31: 13 | D31: 67/1 | E31: {=_xludf.IFS(B31=1,20,B31=2,15,B31=3,10,B31>=4,5)} -> #NAME? | F31: CUT | G31: T16 | H31: T46 | I31: T30 | K31: CUT | N31: T8 | P31: T13 | R31: T50 | S31: T2 | T31: T18 | V31: CUT
A32: Tyrrell Hatton | B32: 3 | C32: 31 | D32: 69/1 | E32: {=_xludf.IFS(B32=1,20,B32=2,15,B32=3,10,B32>=4,5)} -> #NAME? | F32: T14 | G32: T9 | H32: T34 | I32: 52 | J32: T18
A33: Jason Day | B33: 3 | C33: 41 | D33: 69/1 | E33: {=_xludf.IFS(B33=1,20,B33=2,15,B33=3,10,B33>=4,5)} -> #NAME? | F33: T8 | G33: T30 | H33: T39 | J33: CUT | L33: T6 | N33: T59 | P33: CUT | R33: CUT | S33: T24 | U33: T38 | V33: T2
A34: Jake Knapp | B34: 3 | C34: 42 | D34: 69/1 | E34: {=_xludf.IFS(B34=1,20,B34=2,15,B34=3,10,B34>=4,5)} -> #NAME? | G34: T55 | L34: T6 | N34: CUT | R34: 6 | S34: T8 | T34: 8 | U34: T5
A35: Shane Lowry | B35: 3 | C35: 32 | D35: 70/1 | E35: {=_xludf.IFS(B35=1,20,B35=2,15,B35=3,10,B35>=4,5)} -> #NAME? | F35: T42 | G35: T43 | H35: T16 | I35: T3 | J35: T21 | L35: T28 | N35: CUT | P35: CUT | Q35: T2 | R35: T24 | S35: T8
A36: Sam Burns | B36: 4 | C36: 33 | D36: 72/1 | E36: {=_xludf.IFS(B36=1,20,B36=2,15,B36=3,10,B36>=4,5)} -> #NAME? | F36: T46 | G36: CUT | H36: T29 | I36: CUT | L36: T21 | N36: T13 | P36: CUT | R36: CUT | S36: T6 | T36: CUT | V36: T27
A37: Corey Conners | B37: 4 | C37: 44 | D37: 82/1 | E37: {=_xludf.IFS(B37=1,20,B37=2,15,B37=3,10,B37>=4,5)} -> #NAME? | F37: T8 | G37: T38 | H37: CUT | I37: T6 | J37: T8 | M37: T14 | N37: T13 | P37: T33 | R37: T37 | S37: T70 | T37: CUT
A38: Nicolai Hojgaard | B38: 4 | C38: 36 | D38: 84/1 | E38: {=_xludf.IFS(B38=1,20,B38=2,15,B38=3,10,B38>=4,5)} -> #NAME? | F38: CUT | G38: T16 | L38: 2 | M38: T55 | N38: T27 | P38: T24 | Q38: T6 | T38: T3 | U38: T22
A39: J.J. Spaun | B39: 4 | C39: 5 | D39: 88/1 | E39: {=_xludf.IFS(B39=1,20,B39=2,15,B39=3,10,B39>=4,5)} -> #NAME? | F39: 50 | I39: T23 | K39: 1 | M39: CUT | N39: T24 | P39: CUT | R39: CUT | S39: T45 | U39: CUT
A40: Kurt Kitayama | B40: 4 | C40: 34 | D40: 88/1 | E40: {=_xludf.IFS(B40=1,20,B40=2,15,B40=3,10,B40>=4,5)} -> #NAME? | G40: T35 | H40: CUT | L40: T60 | N40: CUT | P40: T18 | R40: T2 | S40: T48 | T40: T24 | V40: CUT
A41: Jacob Bridgeman | B41: 4 | C41: 18 | D41: 94/1 | E41: {=_xludf.IFS(B41=1,20,B41=2,15,B41=3,10,B41>=4,5)} -> #NAME? | M41: T14 | N41: T5 | P41: T18 | R41: 1 | S41: T8 | T41: T18 | V41: T13
A42: Maverick McNealy | B42: 4 | C42: 27 | D42: 98/1 | E42: {=_xludf.IFS(B42=1,20,B42=2,15,B42=3,10,B42>=4,5)} -> #NAME? | F42: T32 | K42: T21 | N42: T32 | P42: T13 | R42: CUT | S42: T29 | T42: T13 | U42: 10
A43: Matthew McCarty | B43: 5 | C43: 49 | D43: 100/1 | E43: {=_xludf.IFS(B43=1,20,B43=2,15,B43=3,10,B43>=4,5)} -> #NAME? | F43: T14 | K43: T39 | M43: CUT | N43: CUT | P43: T41 | R43: T24 | S43: T67 | T43: CUT | U43: T18 | V43: T2
A44: Cameron Smith | B44: 5 | C44: 999 | D44: 100/1 | E44: {=_xludf.IFS(B44=1,20,B44=2,15,B44=3,10,B44>=4,5)} -> #NAME? | F44: CUT | G44: T6 | H44: T34 | I44: T3 | J44: T10
A45: Harris English | B45: 5 | C45: 20 | D45: 105/1 | E45: {=_xludf.IFS(B45=1,20,B45=2,15,B45=3,10,B45>=4,5)} -> #NAME? | F45: T12 | G45: T22 | H45: T43 | J45: T21 | L45: T21 | N45: CUT | P45: T24 | R45: T22 | S45: T24 | T45: T28 | U45: T22 | V45: T27
A46: Ben Griffin | B46: 5 | C46: 16 | D46: 110/1 | E46: {=_xludf.IFS(B46=1,20,B46=2,15,B46=3,10,B46>=4,5)} -> #NAME? | L46: T28 | M46: CUT | N46: CUT | P46: CUT | R46: T41 | S46: T37 | T46: T28 | V46: T24
A47: Daniel Berger | B47: 5 | C47: 38 | D47: 110/1 | E47: {=_xludf.IFS(B47=1,20,B47=2,15,B47=3,10,B47>=4,5)} -> #NAME? | F47: T21 | I47: T50 | J47: CUT | N47: T66 | P47: 2 | Q47: T32 | R47: CUT | S47: T75 | T47: T16 | V47: T56
A48: Gary Woodland | B48: 5 | C48: 52 | D48: 110/1 | E48: {=_xludf.IFS(B48=1,20,B48=2,15,B48=3,10,B48>=4,5)} -> #NAME? | G48: CUT | H48: T14 | I48: CUT | J48: T40 | L48: 1 | M48: T14 | N48: CUT | Q48: CUT | T48: T64 | U48: CUT | V48: 72
A49: Max Homa | B49: 5 | C49: 163 | D49: 115/1 | E49: {=_xludf.IFS(B49=1,20,B49=2,15,B49=3,10,B49>=4,5)} -> #NAME? | F49: T12 | G49: T3 | H49: T43 | I49: T48 | J49: CUT | K49: CUT | M49: CUT | N49: T32 | Q49: T13 | R49: T37 | T49: T66 | U49: CUT | V49: T27
A50: Sungjae Im | B50: 5 | C50: 71 | D50: 120/1 | E50: {=_xludf.IFS(B50=1,20,B50=2,15,B50=3,10,B50>=4,5)} -> #NAME? | F50: T5 | G50: CUT | H50: T16 | I50: T8 | J50: CUT | L50: T60 | M50: T4 | N50: CUT | P50: CUT
A51: Rasmus Hojgaard | B51: 5 | C51: 57 | D51: 130/1 | E51: {=_xludf.IFS(B51=1,20,B51=2,15,B51=3,10,B51>=4,5)} -> #NAME? | F51: T32 | L51: T28 | M51: T68 | N51: CUT | O51: CUT | Q51: T9 | T51: T24 | U51: T30 | V51: T44
A52: Keegan Bradley | B52: 5 | C52: 26 | D52: 140/1 | E52: {=_xludf.IFS(B52=1,20,B52=2,15,B52=3,10,B52>=4,5)} -> #NAME? | F52: CUT | G52: T22 | H52: T23 | M52: T55 | N52: T50 | P52: CUT | R52: CUT | S52: T29 | U52: T43
A53: Marco Penge | B53: 5 | C53: 37 | D53: 160/1 | E53: {=_xludf.IFS(B53=1,20,B53=2,15,B53=3,10,B53>=4,5)} -> #NAME? | K53: T21 | L53: CUT | M53: T4 | N53: CUT | R53: T16 | S53: T64 | T53: CUT | U53: CUT
A54: Harry Hall | B54: 5 | C54: 62 | D54: 160/1 | E54: {=_xludf.IFS(B54=1,20,B54=2,15,B54=3,10,B54>=4,5)} -> #NAME? | L54: T28 | N54: CUT | P54: T9 | R54: CUT | S54: T24 | T54: CUT | V54: T24
A55: Alexander Noren | B55: 5 | C55: 19 | D55: 165/1 | E55: {=_xludf.IFS(B55=1,20,B55=2,15,B55=3,10,B55>=4,5)} -> #NAME? | H55: CUT | K55: T30 | N55: T32 | P55: T24 | R55: T12 | S55: T29 | U55: CUT | V55: CUT
A56: Ryan Gerard | B56: 5 | C56: 29 | D56: 170/1 | E56: {=_xludf.IFS(B56=1,20,B56=2,15,B56=3,10,B56>=4,5)} -> #NAME? | L56: CUT | N56: T27 | P56: CUT | Q56: T23 | R56: T28 | S56: T45 | U56: T11 | V56: T2
A57: Aaron Rai | B57: 5 | C57: 39 | D57: 195/1 | E57: {=_xludf.IFS(B57=1,20,B57=2,15,B57=3,10,B57>=4,5)} -> #NAME? | F57: T27 | M57: CUT | N57: CUT | Q57: T23 | R57: T28 | S57: T73
A58: Nick Taylor | B58: 5 | C58: 67 | D58: 195/1 | E58: {=_xludf.IFS(B58=1,20,B58=2,15,B58=3,10,B58>=4,5)} -> #NAME? | F58: T40 | G58: CUT | K58: T28 | M58: CUT | N58: T42 | P58: T38 | R58: T28 | S58: T24 | T58: T28 | V58: T27
A59: Brian Harman | B59: 5 | C59: 50 | D59: 200/1 | E59: {=_xludf.IFS(B59=1,20,B59=2,15,B59=3,10,B59>=4,5)} -> #NAME? | F59: T36 | G59: CUT | H59: CUT | I59: CUT | J59: T12 | K59: T39 | N59: T11 | P59: 50 | R59: T50 | S59: T19 | T59: CUT | V59: CUT
A60: Sam Stevens | B60: 6 | C60: 45 | D60: 210/1 | E60: {=_xludf.IFS(B60=1,20,B60=2,15,B60=3,10,B60>=4,5)} -> #NAME? | L60: 5 | N60: 58 | P60: CUT | R60: T16 | S60: T55 | T60: T35 | U60: T30 | V60: T6
A61: Ryan Fox | B61: 6 | C61: 51 | D61: 225/1 | E61: {=_xludf.IFS(B61=1,20,B61=2,15,B61=3,10,B61>=4,5)} -> #NAME? | G61: T38 | H61: T26 | L61: CUT | N61: WD | P61: T24 | R61: T7 | S61: T24 | T61: T24
A62: Wyndham Clark | B62: 6 | C62: 78 | D62: 225/1 | E62: {=_xludf.IFS(B62=1,20,B62=2,15,B62=3,10,B62>=4,5)} -> #NAME? | F62: T46 | G62: CUT | L62: CUT | M62: CUT | N62: T42 | R62: T41 | S62: T58 | T62: T35 | U62: T65 | V62: T13
A63: Sergio Garcia | B63: 6 | C63: 999 | D63: 225/1 | E63: {=_xludf.IFS(B63=1,20,B63=2,15,B63=3,10,B63>=4,5)} -> #NAME? | F63: CUT | G63: CUT | H63: CUT | I63: T23 | J63: CUT
A64: Max Greyserman | B64: 6 | C64: 59 | D64: 230/1 | E64: {=_xludf.IFS(B64=1,20,B64=2,15,B64=3,10,B64>=4,5)} -> #NAME? | F64: T32 | L64: CUT | N64: CUT | P64: T18 | R64: T24 | S64: T37 | T64: CUT | U64: CUT | V64: T56
A65: Dustin Johnson | B65: 6 | C65: 999 | D65: 240/1 | E65: {=_xludf.IFS(B65=1,20,B65=2,15,B65=3,10,B65>=4,5)} -> #NAME? | F65: CUT | G65: CUT | H65: T48 | I65: T12 | J65: CUT
A66: Casey Jarvis | B66: 6 | C66: 70 | D66: 250/1 | E66: {=_xludf.IFS(B66=1,20,B66=2,15,B66=3,10,B66>=4,5)} -> #NAME?
A67: Carlos Ortiz | B67: 6 | C67: 161 | D67: 260/1 | E67: {=_xludf.IFS(B67=1,20,B67=2,15,B67=3,10,B67>=4,5)} -> #NAME? | J67: CUT
A68: Hao-Tong Li | B68: 6 | C68: 84 | D68: 280/1 | E68: {=_xludf.IFS(B68=1,20,B68=2,15,B68=3,10,B68>=4,5)} -> #NAME? | K68: CUT | L68: CUT | N68: CUT | P68: CUT | Q68: T32 | T68: CUT | U68: T11 | V68: T8
A69: Tom McKibbin | B69: 6 | C69: 105 | D69: 280/1 | E69: {=_xludf.IFS(B69=1,20,B69=2,15,B69=3,10,B69>=4,5)} -> #NAME?
A70: Nicolas Echavarria | B70: 6 | C70: 40 | D70: 310/1 | E70: {=_xludf.IFS(B70=1,20,B70=2,15,B70=3,10,B70>=4,5)} -> #NAME? | F70: 51 | L70: CUT | N70: T66 | P70: T44 | Q70: 1 | R70: CUT | S70: T8 | T70: CUT | V70: CUT
A71: Kristoffer Reitan | B71: 6 | C71: 46 | D71: 310/1 | E71: {=_xludf.IFS(B71=1,20,B71=2,15,B71=3,10,B71>=4,5)} -> #NAME? | K71: T10 | L71: CUT | M71: CUT | N71: T66 | Q71: T17 | T71: T41 | U71: T30
A72: Rasmus Neergaard-Petersen | B72: 6 | C72: 69 | D72: 325/1 | E72: {=_xludf.IFS(B72=1,20,B72=2,15,B72=3,10,B72>=4,5)} -> #NAME? | L72: CUT | M72: T55 | O72: 68 | Q72: T40 | T72: T41 | U72: T49
A73: John Keefer | B73: 6 | C73: 64 | D73: 340/1 | E73: {=_xludf.IFS(B73=1,20,B73=2,15,B73=3,10,B73>=4,5)} -> #NAME? | K73: CUT | L73: T3 | M73: CUT | N73: CUT | Q73: CUT | T73: T41 | U73: T43 | V73: T27
A74: Michael Kim | B74: 6 | C74: 43 | D74: 350/1 | E74: {=_xludf.IFS(B74=1,20,B74=2,15,B74=3,10,B74>=4,5)} -> #NAME? | F74: T27 | K74: T2 | M74: T30 | N74: CUT | P74: T33 | R74: CUT | S74: 72 | T74: T18 | V74: CUT
A75: Andrew Novak | B75: 6 | C75: 48 | D75: 400/1 | E75: {=_xludf.IFS(B75=1,20,B75=2,15,B75=3,10,B75>=4,5)} -> #NAME? | K75: T14 | M75: T55 | N75: CUT | P75: T38 | R75: T47 | S75: T48 | T75: CUT | U75: T7 | V75: CUT
A76: Aldrich Potgieter | B76: 6 | C76: 77 | D76: 410/1 | E76: {=_xludf.IFS(B76=1,20,B76=2,15,B76=3,10,B76>=4,5)} -> #NAME? | H76: CUT | L76: T21 | N76: CUT | P76: CUT | R76: 5 | S76: T60 | T76: CUT | U76: CUT | V76: CUT
A77: Michael Brennan | B77: 6 | C77: 47 | D77: 430/1 | E77: {=_xludf.IFS(B77=1,20,B77=2,15,B77=3,10,B77>=4,5)} -> #NAME? | L77: T28 | M77: CUT | N77: 69 | O77: T26 | Q77: T52 | T77: T48 | U77: DQ | V77: T56
A78: Sami Valimaki | B78: 6 | C78: 56 | D78: 525/1 | E78: {=_xludf.IFS(B78=1,20,B78=2,15,B78=3,10,B78>=4,5)} -> #NAME? | K78: T14 | N78: CUT | Q78: CUT | R78: T37 | S78: T34 | T78: T41 | U78: CUT | V78: CUT
A79: Davis Riley | B79: 6 | C79: 120 | D79: 600/1 | E79: {=_xludf.IFS(B79=1,20,B79=2,15,B79=3,10,B79>=4,5)} -> #NAME? | F79: T21 | L79: T60 | M79: CUT | N79: CUT | O79: T42 | Q79: CUT | T79: CUT | U79: CUT | V79: T56
A80: Bubba Watson | B80: 6 | C80: 999 | D80: 600/1 | E80: {=_xludf.IFS(B80=1,20,B80=2,15,B80=3,10,B80>=4,5)} -> #NAME? | F80: T14 | G80: CUT | H80: CUT | I80: T39 | J80: T26
A81: Charl Schwartzel | B81: 6 | C81: 999 | D81: 600/1 | E81: {=_xludf.IFS(B81=1,20,B81=2,15,B81=3,10,B81>=4,5)} -> #NAME? | F81: T36 | G81: CUT | H81: T50 | I81: T10 | J81: T26
A82: Zach Johnson | B82: 6 | C82: 999 | D82: 600/1 | E82: {=_xludf.IFS(B82=1,20,B82=2,15,B82=3,10,B82>=4,5)} -> #NAME? | F82: T8 | G82: CUT | H82: T34 | I82: CUT | J82: CUT | V82: T70
A83: Brian Campbell | B83: 7 | C83: 112 | D83: 2500/1 | E83: {=_xludf.IFS(B83=1,20,B83=2,15,B83=3,10,B83>=4,5)} -> #NAME? | F83: T32 | L83: CUT | M83: WD | N83: CUT | P83: CUT | R83: CUT | S83: T78 | T83: T54 | V83: CUT
A84: Ethan Fang | B84: 7 | C84: 999 | D84: 2500/1 | E84: {=_xludf.IFS(B84=1,20,B84=2,15,B84=3,10,B84>=4,5)} -> #NAME?
A85: Danny Willett | B85: 7 | C85: 999 | D85: 2500/1 | E85: {=_xludf.IFS(B85=1,20,B85=2,15,B85=3,10,B85>=4,5)} -> #NAME? | F85: T42 | G85: T45 | H85: CUT | I85: T12 | J85: CUT | L85: T56 | M85: CUT | O85: T42 | Q85: CUT
A86: Fifa Laopakdee | B86: 7 | C86: 999 | D86: 4000/1 | E86: {=_xludf.IFS(B86=1,20,B86=2,15,B86=3,10,B86>=4,5)} -> #NAME?
A87: Mason Howell | B87: 7 | C87: 999 | D87: 4500/1 | E87: {=_xludf.IFS(B87=1,20,B87=2,15,B87=3,10,B87>=4,5)} -> #NAME? | L87: CUT
A88: Jackson Herrington | B88: 7 | C88: 999 | D88: 4500/1 | E88: {=_xludf.IFS(B88=1,20,B88=2,15,B88=3,10,B88>=4,5)} -> #NAME?
A89: Mateo Pulcini | B89: 7 | C89: 999 | D89: 4500/1 | E89: {=_xludf.IFS(B89=1,20,B89=2,15,B89=3,10,B89>=4,5)} -> #NAME?
A90: Naoyuki Kataoka | B90: 7 | C90: 999 | D90: 4500/1 | E90: {=_xludf.IFS(B90=1,20,B90=2,15,B90=3,10,B90>=4,5)} -> #NAME?
A91: Angel Cabrera | B91: 7 | C91: 999 | D91: 4500/1 | E91: {=_xludf.IFS(B91=1,20,B91=2,15,B91=3,10,B91>=4,5)} -> #NAME? | F91: CUT
A92: Vijay Singh | B92: 7 | C92: 999 | D92: 4500/1 | E92: {=_xludf.IFS(B92=1,20,B92=2,15,B92=3,10,B92>=4,5)} -> #NAME? | G92: T58 | H92: CUT | I92: CUT | J92: CUT
A93: Brandon Holtz | B93: 7 | C93: 999 | D93: 5000/1 | E93: {=_xludf.IFS(B93=1,20,B93=2,15,B93=3,10,B93>=4,5)} -> #NAME?
A94: Mike Weir | B94: 7 | C94: 999 | D94: 5000/1 | E94: {=_xludf.IFS(B94=1,20,B94=2,15,B94=3,10,B94>=4,5)} -> #NAME? | F94: CUT | G94: CUT | H94: CUT | I94: CUT | J94: CUT
A95: Fred Couples | B95: 7 | C95: 999 | D95: 5000/1 | E95: {=_xludf.IFS(B95=1,20,B95=2,15,B95=3,10,B95>=4,5)} -> #NAME? | F95: CUT | G95: CUT | H95: T50 | I95: CUT | J95: CUT
A96: Jose Maria Olazabal | B96: 7 | C96: 999 | D96: 5000/1 | E96: {=_xludf.IFS(B96=1,20,B96=2,15,B96=3,10,B96>=4,5)} -> #NAME? | F96: CUT | G96: T45 | H96: CUT | I96: CUT | J96: T50

Sheet Pool Settings
A2: ⛳ MASTERS POOL – CONFIGURATION & SETTINGS
A5: POOL LOGISTICS
B6: Number of Participants | C6: 6
B7: Golfers Per Team | C7: 5
B8: 1st Place Payout (% of Pot) | C8: 0.8 | D8: =C8*'Auction Draft'!B3 -> 452
B9: 2nd Place Payout (% of Pot) | C9: 0.2 | D9: =C9*'Auction Draft'!B3 -> 113
B10: 3rd Place Payout (% of Pot) | C10: 0 | D10: =C10*'Auction Draft'!B3 -> 0
B11: Payout Sum Check | C11: =C8+C9+C10 -> 1
A14: PARTICIPANT NAMES
A15: # | B15: Participant Name
A16: =IF(ROW()-15<=$C$6,ROW()-15,"") -> 1 | B16: Tommy
A17: =IF(ROW()-15<=$C$6,ROW()-15,"") -> 2 | B17: Grant
A18: =IF(ROW()-15<=$C$6,ROW()-15,"") -> 3 | B18: Gavin
A19: =IF(ROW()-15<=$C$6,ROW()-15,"") -> 4 | B19: Caleb
A20: =IF(ROW()-15<=$C$6,ROW()-15,"") -> 5 | B20: Ben
A21: =IF(ROW()-15<=$C$6,ROW()-15,"") -> 6 | B21: Ethan
A22: =IF(ROW()-15<=$C$6,ROW()-15,"")
A23: =IF(ROW()-15<=$C$6,ROW()-15,"")
A24: =IF(ROW()-15<=$C$6,ROW()-15,"")
A25: =IF(ROW()-15<=$C$6,ROW()-15,"")
A26: =IF(ROW()-15<=$C$6,ROW()-15,"")
A27: =IF(ROW()-15<=$C$6,ROW()-15,"")
A28: =IF(ROW()-15<=$C$6,ROW()-15,"")
A29: =IF(ROW()-15<=$C$6,ROW()-15,"")
A30: =IF(ROW()-15<=$C$6,ROW()-15,"")

Sheet Auction Draft
A2: ⛳ MASTERS POOL – AUCTION DRAFT RESULTS
A3: TOTAL POT: | B3: =SUM(D5:D12)+SUM(F5:F12)+SUM(H5:H12)+SUM(J5:J12)+SUM(L5:L12) -> 565
A4: # | B4: Participant | C4: =IF(INT((COLUMN()-3)/2)+1<='Pool Settings'!$C$7, "Golfer " & (INT((COLUMN()-3)/2)+1), "") -> Golfer 1 | D4: Bid 1 ($) | E4: =IF(INT((COLUMN()-3)/2)+1<='Pool Settings'!$C$7, "Golfer " & (INT((COLUMN()-3)/2)+1), "") -> Golfer 2 | F4: Bid 2 ($) | G4: =IF(INT((COLUMN()-3)/2)+1<='Pool Settings'!$C$7, "Golfer " & (INT((COLUMN()-3)/2)+1), "") -> Golfer 3 | H4: Bid 3 ($) | I4: =IF(INT((COLUMN()-3)/2)+1<='Pool Settings'!$C$7, "Golfer " & (INT((COLUMN()-3)/2)+1), "") -> Golfer 4 | J4: Bid 4 ($) | K4: =IF(INT((COLUMN()-3)/2)+1<='Pool Settings'!$C$7, "Golfer " & (INT((COLUMN()-3)/2)+1), "") -> Golfer 5 | L4: Bid 5 ($) | M4: Total Bid ($)
A5: =IF(B5<>"",ROW()-4,"") -> 1 | B5: {=IF(ROW()-4<='Pool Settings'!$C$6, INDEX('Pool Settings'!$B$16:$B$100, ROW()-4), "")} -> Tommy | C5: Scottie Scheffler | D5: 35 | E5: Brooks Koepka | F5: 15 | G5: Viktor Hovland | H5: 15 | I5: Patrick Cantlay | J5: 10 | K5: Tyrell Hatton | L5: 10 | M5: =D5+F5+H5+J5+L5 -> 85
A6: =IF(B6<>"",ROW()-4,"") -> 2 | B6: {=IF(ROW()-4<='Pool Settings'!$C$6, INDEX('Pool Settings'!$B$16:$B$100, ROW()-4), "")} -> Grant | C6: John Rahm | D6: 25 | E6: Matt Fitzpatrick | F6: 20 | G6: Robert MacIntyre | H6: 15 | I6: Patrick Reed | J6: 25 | K6: Max Homa | L6: 5 | M6: =D6+F6+H6+J6+L6 -> 90
A7: =IF(B7<>"",ROW()-4,"") -> 3 | B7: {=IF(ROW()-4<='Pool Settings'!$C$6, INDEX('Pool Settings'!$B$16:$B$100, ROW()-4), "")} -> Gavin | C7: Russell Henley | D7: 15 | E7: Min Woo Lee | F7: 15 | G7: Justin Thomas | H7: 10 | I7: Adam Scott | J7: 10 | K7: Corey Conners | L7: 5 | M7: =D7+F7+H7+J7+L7 -> 55
A8: =IF(B8<>"",ROW()-4,"") -> 4 | B8: {=IF(ROW()-4<='Pool Settings'!$C$6, INDEX('Pool Settings'!$B$16:$B$100, ROW()-4), "")} -> Caleb | C8: Rory McIlroy | D8: 30 | E8: Xander Schaufelle | F8: 25 | G8: Jordan Spieth | H8: 15 | I8: Chris Gotterup | J8: 25 | K8: Jake Knapp | L8: 10 | M8: =D8+F8+H8+J8+L8 -> 105
A9: =IF(B9<>"",ROW()-4,"") -> 5 | B9: {=IF(ROW()-4<='Pool Settings'!$C$6, INDEX('Pool Settings'!$B$16:$B$100, ROW()-4), "")} -> Ben | C9: Ludvig Aberg | D9: 35 | E9: Cam Young | F9: 25 | G9: Tommy Fleetwood | H9: 20 | I9: Collin Morikawa | J9: 35 | K9: Justin Rose | L9: 25 | M9: =D9+F9+H9+J9+L9 -> 140
A10: =IF(B10<>"",ROW()-4,"") -> 6 | B10: {=IF(ROW()-4<='Pool Settings'!$C$6, INDEX('Pool Settings'!$B$16:$B$100, ROW()-4), "")} -> Ethan | C10: Bryson Dechambeu | D10: 40 | E10: Hideki Matsuyama | F10: 25 | G10: Akshay Bhatia | H10: 10 | I10: Shane Lowry | J10: 10 | K10: JJ Spaun | L10: 5 | M10: =D10+F10+H10+J10+L10 -> 90
A11: =IF(B11<>"",ROW()-5,"") | B11: {=IF(ROW()-4<='Pool Settings'!$C$6, INDEX('Pool Settings'!$B$16:$B$100, ROW()-4), "")} | C11: =IF(OR($B11="", MOD(COLUMN()-3,2)=1, INT((COLUMN()-3)/2)+1>'Pool Settings'!$C$7), "", "") | D11: 0 | E11: =IF(OR($B11="", MOD(COLUMN()-3,2)=1, INT((COLUMN()-3)/2)+1>'Pool Settings'!$C$7), "", "") | F11: 0 | G11: =IF(OR($B11="", MOD(COLUMN()-3,2)=1, INT((COLUMN()-3)/2)+1>'Pool Settings'!$C$7), "", "") | H11: 0 | I11: =IF(OR($B11="", MOD(COLUMN()-3,2)=1, INT((COLUMN()-3)/2)+1>'Pool Settings'!$C$7), "", "") | J11: 0 | K11: =IF(OR($B11="", MOD(COLUMN()-3,2)=1, INT((COLUMN()-3)/2)+1>'Pool Settings'!$C$7), "", "") | L11: 0 | M11: =D11+F11+H11+J11+L11 -> 0
A12: =IF(B12<>"",ROW()-5,"") | B12: {=IF(ROW()-4<='Pool Settings'!$C$6, INDEX('Pool Settings'!$B$16:$B$100, ROW()-4), "")} | C12: =IF(OR($B12="", MOD(COLUMN()-3,2)=1, INT((COLUMN()-3)/2)+1>'Pool Settings'!$C$7), "", "") | D12: 0 | E12: =IF(OR($B12="", MOD(COLUMN()-3,2)=1, INT((COLUMN()-3)/2)+1>'Pool Settings'!$C$7), "", "") | F12: 0 | G12: =IF(OR($B12="", MOD(COLUMN()-3,2)=1, INT((COLUMN()-3)/2)+1>'Pool Settings'!$C$7), "", "") | H12: 0 | I12: =IF(OR($B12="", MOD(COLUMN()-3,2)=1, INT((COLUMN()-3)/2)+1>'Pool Settings'!$C$7), "", "") | J12: 0 | K12: =IF(OR($B12="", MOD(COLUMN()-3,2)=1, INT((COLUMN()-3)/2)+1>'Pool Settings'!$C$7), "", "") | L12: 0 | M12: =D12+F12+H12+J12+L12 -> 0
A13: =IF(B13<>"",ROW()-5,"") | B13: {=IF(ROW()-4<='Pool Settings'!$C$6, INDEX('Pool Settings'!$B$16:$B$100, ROW()-4), "")} | C13: =IF(OR($B13="", MOD(COLUMN()-3,2)=1, INT((COLUMN()-3)/2)+1>'Pool Settings'!$C$7), "", "") | D13: 0 | E13: =IF(OR($B13="", MOD(COLUMN()-3,2)=1, INT((COLUMN()-3)/2)+1>'Pool Settings'!$C$7), "", "") | F13: 0 | G13: =IF(OR($B13="", MOD(COLUMN()-3,2)=1, INT((COLUMN()-3)/2)+1>'Pool Settings'!$C$7), "", "") | H13: 0 | I13: =IF(OR($B13="", MOD(COLUMN()-3,2)=1, INT((COLUMN()-3)/2)+1>'Pool Settings'!$C$7), "", "") | J13: 0 | K13: =IF(OR($B13="", MOD(COLUMN()-3,2)=1, INT((COLUMN()-3)/2)+1>'Pool Settings'!$C$7), "", "") | L13: 0 | M13: =D13+F13+H13+J13+L13 -> 0
A14: =IF(B14<>"",ROW()-5,"") | B14: {=IF(ROW()-4<='Pool Settings'!$C$6, INDEX('Pool Settings'!$B$16:$B$100, ROW()-4), "")} | C14: =IF(OR($B14="", MOD(COLUMN()-3,2)=1, INT((COLUMN()-3)/2)+1>'Pool Settings'!$C$7), "", "") | D14: 0 | E14: =IF(OR($B14="", MOD(COLUMN()-3,2)=1, INT((COLUMN()-3)/2)+1>'Pool Settings'!$C$7), "", "") | F14: 0 | G14: =IF(OR($B14="", MOD(COLUMN()-3,2)=1, INT((COLUMN()-3)/2)+1>'Pool Settings'!$C$7), "", "") | H14: 0 | I14: =IF(OR($B14="", MOD(COLUMN()-3,2)=1, INT((COLUMN()-3)/2)+1>'Pool Settings'!$C$7), "", "") | J14: 0 | K14: =IF(OR($B14="", MOD(COLUMN()-3,2)=1, INT((COLUMN()-3)/2)+1>'Pool Settings'!$C$7), "", "") | L14: 0 | M14: =D14+F14+H14+J14+L14 -> 0
A15: =IF(B15<>"",ROW()-5,"") | B15: {=IF(ROW()-4<='Pool Settings'!$C$6, INDEX('Pool Settings'!$B$16:$B$100, ROW()-4), "")} | C15: =IF(OR($B15="", MOD(COLUMN()-3,2)=1, INT((COLUMN()-3)/2)+1>'Pool Settings'!$C$7), "", "") | D15: 0 | E15: =IF(OR($B15="", MOD(COLUMN()-3,2)=1, INT((COLUMN()-3)/2)+1>'Pool Settings'!$C$7), "", "") | F15: 0 | G15: =IF(OR($B15="", MOD(COLUMN()-3,2)=1, INT((COLUMN()-3)/2)+1>'Pool Settings'!$C$7), "", "") | H15: 0 | I15: =IF(OR($B15="", MOD(COLUMN()-3,2)=1, INT((COLUMN()-3)/2)+1>'Pool Settings'!$C$7), "", "") | J15: 0 | K15: =IF(OR($B15="", MOD(COLUMN()-3,2)=1, INT((COLUMN()-3)/2)+1>'Pool Settings'!$C$7), "", "") | L15: 0 | M15: =D15+F15+H15+J15+L15 -> 0
A16: =IF(B16<>"",ROW()-5,"") | B16: {=IF(ROW()-4<='Pool Settings'!$C$6, INDEX('Pool Settings'!$B$16:$B$100, ROW()-4), "")} | C16: =IF(OR($B16="", MOD(COLUMN()-3,2)=1, INT((COLUMN()-3)/2)+1>'Pool Settings'!$C$7), "", "") | D16: 0 | E16: =IF(OR($B16="", MOD(COLUMN()-3,2)=1, INT((COLUMN()-3)/2)+1>'Pool Settings'!$C$7), "", "") | F16: 0 | G16: =IF(OR($B16="", MOD(COLUMN()-3,2)=1, INT((COLUMN()-3)/2)+1>'Pool Settings'!$C$7), "", "") | H16: 0 | I16: =IF(OR($B16="", MOD(COLUMN()-3,2)=1, INT((COLUMN()-3)/2)+1>'Pool Settings'!$C$7), "", "") | J16: 0 | K16: =IF(OR($B16="", MOD(COLUMN()-3,2)=1, INT((COLUMN()-3)/2)+1>'Pool Settings'!$C$7), "", "") | L16: 0 | M16: =D16+F16+H16+J16+L16 -> 0
A17: =IF(B17<>"",ROW()-5,"") | B17: {=IF(ROW()-4<='Pool Settings'!$C$6, INDEX('Pool Settings'!$B$16:$B$100, ROW()-4), "")} | C17: =IF(OR($B17="", MOD(COLUMN()-3,2)=1, INT((COLUMN()-3)/2)+1>'Pool Settings'!$C$7), "", "") | D17: 0 | E17: =IF(OR($B17="", MOD(COLUMN()-3,2)=1, INT((COLUMN()-3)/2)+1>'Pool Settings'!$C$7), "", "") | F17: 0 | G17: =IF(OR($B17="", MOD(COLUMN()-3,2)=1, INT((COLUMN()-3)/2)+1>'Pool Settings'!$C$7), "", "") | H17: 0 | I17: =IF(OR($B17="", MOD(COLUMN()-3,2)=1, INT((COLUMN()-3)/2)+1>'Pool Settings'!$C$7), "", "") | J17: 0 | K17: =IF(OR($B17="", MOD(COLUMN()-3,2)=1, INT((COLUMN()-3)/2)+1>'Pool Settings'!$C$7), "", "") | L17: 0 | M17: =D17+F17+H17+J17+L17 -> 0
A18: =IF(B18<>"",ROW()-5,"") | B18: {=IF(ROW()-4<='Pool Settings'!$C$6, INDEX('Pool Settings'!$B$16:$B$100, ROW()-4), "")} | C18: =IF(OR($B18="", MOD(COLUMN()-3,2)=1, INT((COLUMN()-3)/2)+1>'Pool Settings'!$C$7), "", "") | D18: 0 | E18: =IF(OR($B18="", MOD(COLUMN()-3,2)=1, INT((COLUMN()-3)/2)+1>'Pool Settings'!$C$7), "", "") | F18: 0 | G18: =IF(OR($B18="", MOD(COLUMN()-3,2)=1, INT((COLUMN()-3)/2)+1>'Pool Settings'!$C$7), "", "") | H18: 0 | I18: =IF(OR($B18="", MOD(COLUMN()-3,2)=1, INT((COLUMN()-3)/2)+1>'Pool Settings'!$C$7), "", "") | J18: 0 | K18: =IF(OR($B18="", MOD(COLUMN()-3,2)=1, INT((COLUMN()-3)/2)+1>'Pool Settings'!$C$7), "", "") | L18: 0 | M18: =D18+F18+H18+J18+L18 -> 0
A19: =IF(B19<>"",ROW()-5,"") | B19: {=IF(ROW()-4<='Pool Settings'!$C$6, INDEX('Pool Settings'!$B$16:$B$100, ROW()-4), "")} | C19: =IF(OR($B19="", MOD(COLUMN()-3,2)=1, INT((COLUMN()-3)/2)+1>'Pool Settings'!$C$7), "", "") | D19: 0 | E19: =IF(OR($B19="", MOD(COLUMN()-3,2)=1, INT((COLUMN()-3)/2)+1>'Pool Settings'!$C$7), "", "") | F19: 0 | G19: =IF(OR($B19="", MOD(COLUMN()-3,2)=1, INT((COLUMN()-3)/2)+1>'Pool Settings'!$C$7), "", "") | H19: 0 | I19: =IF(OR($B19="", MOD(COLUMN()-3,2)=1, INT((COLUMN()-3)/2)+1>'Pool Settings'!$C$7), "", "") | J19: 0 | K19: =IF(OR($B19="", MOD(COLUMN()-3,2)=1, INT((COLUMN()-3)/2)+1>'Pool Settings'!$C$7), "", "") | L19: 0 | M19: =D19+F19+H19+J19+L19 -> 0
